ID,Livello,Lingua,Titolo,Titolo_attribuito,Organizzazione,Autore,Editore,Data,Data_normalizzata,Tipo,Luogo,Percorsi,Persone_collegate,Organizzazioni_collegate,Provenienza,URL,Nome_file,Nome_file_originale,Nome_file_traduzione,Consistenza,Descrizione
AMI-0001,unità,italiano,Citazioni dalle opere del presidente Mao Tse-tung,No,Partito Comunista Cinese,Mao Zedong,Casa editrice in lingue estere,1969,1969,Libro,Pechino,Materiali cinesi; Fondamenti del maoismo; Libretti rossi,,,Collezione personale,https://archive.org/details/1967-citazioni-dalle-opere-del-presidente-mao-tse-tung-lingue-estere/mode/2up,,,,,"Traduzione ufficiale in lingua italiana del famoso Libretto rosso (毛主席语录, Máo Zhǔxí Yǔlù), contenente le iconiche citazioni del Presidente cinese Mao Zedong, stampata a Pechino dalla Casa editrice in lingue estere. L'edizione qui presente è la ristampa in formato tascabile del 1969 (11×7 cm)."
AMI-0002,unità,italiano,Sulla giusta soluzione delle contraddizioni in seno al popolo,No,Partito Comunista Cinese,Mao Zedong,Casa editrice in lingue estere,1967,1967,Opuscolo,Pechino,Materiali cinesi; Fondamenti del maoismo,,,Collezione personale,https://archive.org/details/sulla-giusta-soluzione-delle-contraddizioni-in-seno-al-popolo/mode/2up,,,,,"Famoso discorso del Presidente cinese Mao Zedong. Traduzione ufficiale curata dalla Casa editrice in lingue estere di Pechino, 1967."
AMI-0003,unità,italiano,Come correggere le idee errate nel Partito,No,Partito Comunista Cinese,Mao Zedong,Casa editrice in lingue estere,1968,1968,Opuscolo,Pechino,Materiali cinesi; Fondamenti del maoismo,,,Collezione personale,https://archive.org/details/idee-errate/mode/2up,,,,,"Opuscolo tradotto e pubblicato dalla Casa editrice in lingue estere di Pechino. Testo originale ""ON CORRECTING MISTAKEN IDEAS IN THE PARTY (December 1929)"""
AMI-0004,unità,italiano,"Dichiarazione del compagno Mao Tse-tung, presidente del Comitato Centrale del Partito Comunista Cinese, in appoggio alla lotta degli afroamericani contro la repressione violenta",No,Partito Comunista Cinese,Mao Zedong,Casa editrice in lingue estere,1968,1968,Opuscolo,Pechino,Materiali cinesi,Martin Luther King,,Fondo Filippo Grossi,https://archive.org/details/dichiarazione-in-supporto-degli-afroamericani/mode/2up,,,,,"Discorso del Presidente cinese Mao Zedong in supporto alla lotta degli afroamericani, pronunciato in occasione dell'omicidio del Dottor Martin Luther King Jr.
Traduzione ufficiale curata dalla Casa editrice in lingue estere di Pechino, 1968."
AMI-0005,unità,italiano,Da dove provengono le idee giuste?,No,Partito Comunista Cinese,Mao Zedong,Casa editrice in lingue estere,1968,1968,Opuscolo,Pechino,Materiali cinesi,,Comitato Centrale del PCC,Fondo Filippo Grossi,https://archive.org/details/idee-giuste/mode/2up,,,,,"Articolo del presidente cinese Mao Zedong, parte della ""Risoluzione del Comitato centrale del Partito comunista cinese su alcuni problemi dell'attuale lavoro nelle campagne''
La presente traduzione è conforme al testo cinese (Testi scelti dalle opere di Mao Tse-tung, Serie A, Casa Editrice del Popolo; Pechino, Aprile 1965).
Traduzione ufficiale curata dalla Casa editrice in lingue estere di Pechino, seconda edizione, 1968."
AMI-0006,unità,italiano,Al servizio del popolo; In memoria di Norman Bethune; Come Yu Kung rimosse le montagne,No,Partito Comunista Cinese,Mao Zedong,Casa editrice in lingue estere,1968,1968,Opuscolo,Pechino,Materiali cinesi; Fondamenti del maoismo,,,Collezione personale,https://archive.org/details/tre-vecchi-articoli/mode/2up,,,,,"Collezione dei ""tre vecchi articoli"" (anche detti tre articoli letti costantemente), tradotta e pubblicata dalla Casa editrice in lingue estere di Pechino, 1968."
AMI-0007,unità,italiano,Preoccuparsi delle condizioni di vita delle masse fare attenzione ai metodi di lavoro,No,Partito Comunista Cinese,Mao Zedong,Casa editrice in lingue estere,1968,1968,Opuscolo,Pechino,Materiali cinesi,,,Collezione personale,https://archive.org/details/preoccuparsi-delle-condizioni-di-vita-delle-masse-fare-attenzione-ai-metodi-di-lavoro/mode/2up,,,,,"Opuscolo contenente le conclusioni del presidente cinese Mao Zedong al II Congresso nazionale dei rappresentanti operai e contadini. Tradotto e pubblicato dalla Casa editrice in lingue estere di Pechino, 1968."
AMI-0008,unità,italiano,Sul rafforzamento del sistema dei comitati di partito,No,Partito Comunista Cinese,Mao Zedong,Casa editrice in lingue estere,1969,1969,Opuscolo,Pechino,Materiali cinesi,,,Collezione personale,https://archive.org/details/comitati-di-partito/mode/2up,,,,,"Opuscolo contenente due testi del Presidente Mao Zedong, ""Sul Rafforzamento Del Sistema Dei Comitati Di Partito"" e ""Metodi Di Lavoro Dei Comitati Di Partito"". Traduzione ufficiale a cura della Casa editrice in lingue estere di Pechino"
AMI-0009,unità,italiano,Orientamento del movimento giovanile,No,Partito Comunista Cinese,Mao Zedong,Casa editrice in lingue estere,1969,1969,Opuscolo,Pechino,Materiali cinesi,,,Collezione personale,https://archive.org/details/movimento-giovanile/mode/2up,,,,,"Discorso del Presidente cinese Mao Zedong. Traduzione e pubblicazione a cura della Casa editrice in lingue estere di Pechino, 1969."
AMI-0010,unità,italiano,"Popoli di tutto il mondo, unitevi per sconfiggere gli aggressori americani e tutti i loro lacché! (Dichiarazione del 20 maggio 1970)",No,Partito Comunista Cinese,Mao Zedong,Casa editrice in lingue estere,1970,1970,Opuscolo,Pechino,Materiali cinesi,,,Collezione personale,https://archive.org/details/popoli-di-tutto-il-mondo/mode/2up,,,,,"Opuscolo contenente la dichiarazione anti-imperialista del presidente cinese Mao Zedong, tradotto e pubblicato dalla Casa editrice in lingue estere di Pechino, 1970."
AMI-0011,unità,italiano,Circolare del 16 maggio 1966 - Un grande documento storico,No,Partito Comunista Cinese,Comitato Centrale del PCC; Renmin Ribao; Hongqi,Casa editrice in lingue estere,1968,1968,Opuscolo,Pechino,Materiali cinesi,,Partito Comunista Cinese,Collezione personale,https://archive.org/details/circolare-16-maggio/mode/2up,,,,,"Opuscolo contente la ""Circolare del Comitato Centrale del Partito Comunista
Cinese (16 maggio 1966)"", documento che segna l'inizio ufficiale della Rivoluzione culturale e l'articolo ""Un Grande Documento Storico"", pubblicato su Bandiera Rossa e il Quotidiano del Popolo"
AMI-0012,unità,italiano,La classe operaia deve esercitare la sua direzione in ogni campo,No,Partito Comunista Cinese,Yao Wenyuan,Casa editrice in lingue estere,1968,1968,Opuscolo,Pechino,Materiali cinesi,,Hongqi,Collezione personale,https://archive.org/details/la-classe-operai-deve-esercitare-la-sua-direzione-in-ogni-cam/mode/2up,,,,,"Articolo ad opera di Yao Wenyuan e pubblicato originariamente su Hongqi. Traduzione ufficiale a cura della Casa editrice in lingue estere di Pechino, 1968."
AMI-0013,unità,italiano,Dichiarazione di Principio - Statuto,No,Partito Comunista d'Italia (marxista-leninista),Ufficio Politico del PCd'I (m-l),Periodici Operai,1967,1967,Opuscolo,Livorno,Galassia marxista-leninista,Fosco Dinucci; Osvaldo Pesce,Nuova Unità; Unione della gioventù comunista d’Italia (marxista-leninista),Collezione personale,https://archive.org/details/statuto-pcdiml/mode/2up,,,,pp. 32,"Opuscolo contenente Dichiarazione di principio e Statuto del Partito Comunista d'Italia (marxista-leninista), fondato nell'ottobre del 1966 a Livorno.
L'opuscolo è composto dalle seguenti sezioni:
• Dichiarazione di principio
• Statuto del Partito
• Alla classe operaia, ai contadini, alle masse popolari italiane
• Saluto ai partiti fratelli
• Due documenti sulla vigilanza rivoluzionaria
• Due scritti di Fosco Dinucci, segretario del Partito
Stampato da Periodici Operai, Livorno, pp. 32, 1967."
AMI-0014,unità,italiano,Delegazione del Partito Comunista d'Italia (marxista-leninista) ricevuta dalla leadership del Partito Comunista Cinese,Sì,Partito Comunista d'Italia (marxista-leninista),Renmin Ribao,,1968-08-14 00:00:00,1968-08-14,Foto,Pechino,Galassia marxista-leninista,Osvaldo Pesce; Dino Dini; Mao Zedong; Zhou Enlai; Jiang Qing; Kang Sheng; Chen Boda; Yao Wenyuan,Partito Comunista Cinese; Nuova Unità; Peking Review,Collezione personale,https://archive.org/details/delegazione-pcd-i-pcc/mode/2up,Delegazione PCd'I.jpg,,,"1 fotografia, b/n","Delegazione del Partito Comunista d'Italia (marxista-leninista) ricevuta a Pechino dalla leadership del Partito Comunista Cinese. In rappresentanza del PCd'I (ml), in ordine, Osvaldo Pesce e Dino Dini. La leadership cinese è composta da, sempre in ordine, Chen Boda, Kang Sheng, Jiang Qing, Mao Zedong, Zhou Enlai, Yao Wenyuan.
Foto pubblicata su Renmin Ribao (Quotidiano del Popolo, 14 agosto 1968, p. 1), Peking Review (no. 33, 1968, p. 8) e Nuova Unità (31 agosto 1968, p. 1)"
AMI-0015,unità,italiano,"Osvaldo Pesce, Partito Comunista d'Italia (marxista-leninista), incontra il presidente Mao Zedong",Sì,Partito Comunista d'Italia (marxista-leninista),Nuova Unità,,1968-08-31 00:00:00,1968-08-31,Foto,Pechino,Galassia marxista-leninista,Osvaldo Pesce; Mao Zedong,Partito Comunista Cinese,Collezione personale,https://archive.org/details/Pesce-e-Mao,"1968.08.31, pag. 4 - Pesce e Mao.jpg",,,"1 fotografia, b/n","Osvaldo Pesce, rappresentante del Partito Comunista d'Italia (marxista-leninista), incontra il presidente del Partito Comunista Cinese Mao Zedong. Foto pubblicata su Nuova Unità (31 agosto 1968, p. 4.)"
AMI-0016,unità,italiano,"Fosco Dinucci, segretario del Partito comunista d'Italia (marxista-leninista), ricevuto dalla leadership cinese",Sì,Partito Comunista d'Italia (marxista-leninista),Renmin Ribao,,1969-10-03 00:00:00,1969-10-03,Foto,Pechino,Galassia marxista-leninista,Fosco Dinucci; Mao Zedong; Lin Biao; Zhou Enlai; Kang Sheng; Chen Boda,Partito Comunista Cinese,Collezione personale,https://archive.org/details/renmin-ribao-3-ottobre-1969-p.-1-fosco-dinucci-ai-festeggiamenti-rpc,"Renmin Ribao - 3 ottobre 1969, p.1 - Fosco Dinucci ai festeggiamenti RPC.jpg",,,"1 fotografia, b/n","Fosco Dinucci, segretario del Partito comunista d'Italia (marxista-leninista), ricevuto dalla leadership cinese in occasione dei festeggiamenti del 1° ottobre 1969. Nella foto compaiono, in ordine, Zhou Enlai, Mao Zedong, Lin Biao, Kang Sheng e Chen Boda. Foto pubblicata su Renmin Ribao (Quotidiano del Popolo, 3 ottobre 1969, p. 1)."
AMI-0017,unità,italiano,Studenti ed intellettuali rivoluzionari,No,Unione dei Comunisti Italiani (marxisti-leninisti),Comitato di Partito di Catania (UCI m-l),,1969-10-09 00:00:00,1969-10-09,Volantino,Catania,Galassia marxista-leninista,,,Collezione personale,https://archive.org/details/studenti-ed-intellettuali-ciclostilato-uci-m-l/mode/2up,,,,,"Volantino ciclostilato a cura dell'Unione dei Comunisti Italiani (marxisti-leninisti), meglio conosciuta come Servire il Popolo. Il volantino riporta un appello a ""Studenti ed Intellettuali Rivoluzionari"" affinché questi si uniscano all'organizzazione maoista."
AMI-0018,unità,italiano,Delegazione delle Edizioni Oriente accolta dal Presidente Mao Zedong,Sì,Edizioni Oriente,Nuova Unità,,1964-05-17 00:00:00,1964-05-17,Foto,Pechino,Galassia marxista-leninista,Dino Frangioni; Giacomo Montemezzani; Mao Zedong,Gruppo Proletario Luglio 60,Collezione personale,https://archive.org/details/delegazione-edizioni-oriente,"Delegazione, ministero degli esteri.jpg",,,"1 fotografia, b/n","""Il compagno Mao Tse-tung riceve la delegazione delle Edizioni Oriente, guidata dal compagno Dino Frangioni (Livio), Pechino, 17 maggio 1964."" Da Nuova Unità, no. 4, giugno 1964.
Presenti anche rappresentanti dell'organizzazione milanese Gruppo Proletario Luglio 60 (GPL60), come Giacomo (Gino) Montemezzani (alla sinistra di Mao)"
AMI-0019,unità,italiano,Citazioni del presidente Mao Tse-tung,No,,Mao Zedong,Signal,1969,1969,Audio,,Varie,,,Collezione personale,https://archive.org/details/mao-tse-tung-citazioni-presidente-vinile,,,,,Vinile 33rpm delle dimensioni di un vinile 45rpm con discorsi di Mao Tse-Tung tradotti in italiano con musica popolare cinese in background.
AMI-0020,unità,italiano,Ribellarsi è giusto! Antologia,No,,Mao Zedong; Roberto Sassi,Synergon,1993,1993,Libro,Bologna,Varie,,,Collezione personale,https://archive.org/details/ribellarsi-e-giusto/mode/2up,,,,,"Mao Tse Tung Ribellarsi è giusto
Antologia a cura di Roberto Sassi
Editore: Synergon
Anno: 1993
Numero di pagine: 127"
AMI-0021,unità,italiano,"Lavoro Politico, no. 1",No,Lavoro Politico,,Centro di Informazione di Verona,10/1967,1967-10,Periodico,Verona,Riviste marxiste-leniniste,,,"Archivio Storico della Nuova Sinistra ""Marco Pezzi""",https://archive.org/details/lavoro-politico-01/mode/2up,,,,,"rivista ""Lavoro politico"", n. 1 - ottobre 1967"
AMI-0022,unità,italiano,"Lavoro Politico, no. 2",No,Lavoro Politico,,Centro di Informazione di Verona,11/1967,1967-11,Periodico,Verona,Riviste marxiste-leniniste,,,"Archivio Storico della Nuova Sinistra ""Marco Pezzi""",https://archive.org/details/lavoro-politico-02/mode/2up,,,,,"rivista ""Lavoro politico"", n. 2 - novembre 1967"
AMI-0023,unità,italiano,"Lavoro Politico, no. 3",No,Lavoro Politico,,Centro di Informazione di Verona,01/1968,1968-01,Periodico,Verona,Riviste marxiste-leniniste,,,"Archivio Storico della Nuova Sinistra ""Marco Pezzi""",https://archive.org/details/lavoro-politico-03/mode/2up,,,,,"rivista ""Lavoro politico"", n. 3 - gennaio 1968"
AMI-0024,unità,italiano,"Lavoro Politico, no. 4",No,Lavoro Politico,,Centro di Informazione di Verona,02/1968,1968-02,Periodico,Verona,Riviste marxiste-leniniste,,,"Archivio Storico della Nuova Sinistra ""Marco Pezzi""",https://archive.org/details/lavoro-politico-04/mode/2up,,,,,"rivista ""Lavoro politico"", n. 4 - febbraio 1968"
AMI-0025,unità,italiano,"Lavoro Politico, no. 5/6",No,Lavoro Politico,,Centro di Informazione di Verona,03/1968,1968-03,Periodico,Verona,Riviste marxiste-leniniste,,,"Archivio Storico della Nuova Sinistra ""Marco Pezzi""",https://archive.org/details/lavoro-politico-05-06/mode/2up,,,,,"rivista ""Lavoro politico"", n. 5 - 6, marzo - aprile 1968"
AMI-0026,unità,italiano,"Lavoro Politico, no. 7",No,Lavoro Politico,,Centro di Informazione di Verona,05/1968,1968-05,Periodico,Verona,Riviste marxiste-leniniste,,,"Archivio Storico della Nuova Sinistra ""Marco Pezzi""",https://archive.org/details/lavoro-politico-07/mode/2up,,,,,"rivista ""Lavoro politico"", n. 7 - maggio 1968"
AMI-0027,unità,italiano,"Lavoro Politico, no. 8/9",No,Lavoro Politico,,Centro di Informazione di Verona,06/1968,1968-06,Periodico,Verona,Riviste marxiste-leniniste,,,"Archivio Storico della Nuova Sinistra ""Marco Pezzi""",https://archive.org/details/lavoro-politico-08-09/mode/2up,,,,,"rivista ""Lavoro politico"", n. 8 - 9, giugno - luglio 1968"
AMI-0028,unità,italiano,"Lavoro Politico, no. 10",No,Lavoro Politico,,Centro di Informazione di Verona,09/1968,1968-09,Periodico,Verona,Riviste marxiste-leniniste,,Partito Comunista d'Italia (marxista-leninista),"Archivio Storico della Nuova Sinistra ""Marco Pezzi""",https://archive.org/details/lavoro-politico-10/mode/2up,,,,,"rivista ""Lavoro politico"", n. 10 - settembre 1968"
AMI-0029,unità,italiano,"Lavoro Politico, no. 11/12",No,Lavoro Politico,,Centro di Informazione di Verona,12/1968,1968-12,Periodico,Verona,Riviste marxiste-leniniste,Angiolo Gracci,Partito Comunista d'Italia (marxista-leninista); Partito Comunista d'Italia (marxista-leninista) - Linea rossa,"Archivio Storico della Nuova Sinistra ""Marco Pezzi""",https://archive.org/details/lavoro-politico-11-12/mode/2up,,,,,"rivista ""Lavoro politico"", n. 11 - 12, dicembre 1968 - gennaio 1969"
AMI-0030,unità,italiano,La bussola che guida i popoli rivoluzionari di tutti i paesi verso la vittoria,No,Partito Comunista Cinese,Renmin Ribao; Jiefangjun Bao,Casa editrice in lingue estere,1968,1968,Opuscolo,Pechino,Materiali cinesi,,,Collezione personale,https://archive.org/details/bussola-popoli-rivoluzionari/mode/2up,,,,pp. 16,"Opuscolo contenente un editoriale del Renmin Ribao (Quotidiano del Popolo) del 18 settembre 1968 e uno del Jiefangjun Bao dello stesso giorno.
Opuscolo pubblicato dalla Casa editrice in lingue estere di Pechino, Cina, pp. 16, 1968."
AMI-0031,unità,italiano,Sulla tattica contro l'imperialismo giapponese,No,Partito Comunista Cinese,Mao Zedong,Casa editrice in lingue estere,1968,1968,Opuscolo,Pechino,Materiali cinesi,,,Fondo Filippo Grossi,https://archive.org/details/sulla-tattica-contro-limperialismo-giapponese/mode/2up,,,,,"Rapporto del presidente cinese Mao Zedong alla Conferenza degli attivisti del Partito tenutasi il 27 dicembre 1935 a Wayaopao.
Traduzione ufficiale dell'opuscolo a cura della Casa editrice in lingue estere di Pechino.
Il testo originale compare in Opere Scelte, Vol. 1."
AMI-0032,unità,italiano,Statuto di Stella Rossa - Fronte Rivoluzionario Marxista-Leninista,No,Stella Rossa - Fronte Rivoluzionario Marxista-Leninista,,,1970,1970,Testo,,Galassia marxista-leninista,Vincenzo Calò,,Collezione personale,https://archive.org/details/statuto-stella-rossa,STATUTO DI STELLA ROSSA.txt,,,,"Estratto dall'opuscolo ""PER LA VITTORIA DEL POTERE ROSSO IN ITALIA-ATTI DEL CONGRESSO NAZIONALE COSTITUTIVO DI STELLA ROSSA FRONTE RIVOLUZIONARIO MARXISTA-LENINISTA"".
Approvato nel suo testo definitivo dal Congresso Nazionale in seduta plenaria il 4 Novembre 1970.
Stella Rossa fu un'organizzazione marxista-leninista (di orientamento maoista), fondata da Vincenzo Calò (già Viva il Leninismo!, Federazione Marxista-Leninista d'Italia, Tribuna Rossa) nel 1969. Nel 1976 si trasforma in Partito della rivoluzione socialista."
AMI-0033,unità,cinese; italiano,Verbale della conversazione del Presidente Mao con la delegazione comunista (marxista-leninista) italiana,No,Partito Comunista d'Italia (marxista-leninista),,,1968-08-13 00:00:00,1968-08-13,Testo_bilingue,Pechino,Galassia marxista-leninista,Osvaldo Pesce; Dino Dini; Mao Zedong,Partito Comunista Cinese,Collezione personale,https://archive.org/details/conversazione-mao-pesce,,mao-pesce-cinese.txt,mao-pesce-italiano.txt,,"Trascrizione della conversazione tenuta tra il Presidente cinese Mao Zedong e due rappresentanti del Partito Comunista d'Italia (marxista-leninista), Osvaldo Pesce e Dino Dini, il 13 agosto 1968.
La conversazione verte sugli sviluppi della Grande Rivoluzione Proletaria Culturale e sulla situazione politica europea. In particolare, Mao consiglia agli italiani di non partecipare alle elezioni, per evitare il pericolo revisionista.
Testo riprodotto in 宋永毅《机密档案中新发现的毛泽东讲话》[Discorsi di Mao Zedong recentemente scoperti negli archivi riservati], 国史出版社, 2018."
AMI-0034,unità,cinese; italiano,Nota del Presidente Mao sulla relazione di Kang Sheng riguardante la raccolta di materiale sulle elezioni parlamentari nei paesi capitalisti,No,Partito Comunista Cinese,Mao Zedong,,1968-08-31 00:00:00,1968-08-31,Testo_bilingue,Pechino,Galassia marxista-leninista,Osvaldo Pesce; Dino Dini; Kang Sheng,Partito Comunista d'Italia (marxista-leninista),Collezione personale,https://archive.org/details/istruzioni-mao-italiano,,istruzioni-mao-cinese.txt,istruzioni-mao-italiano.txt,,"Nota del presidente Mao Zedong riguardante la partecipazione dei partiti comunisti marxisti-leninisti alle elezioni parlamentari dei propri paesi.
Dopo aver discusso dell'argomento con Osvaldo Pesce (13/08/1968), il Presidente cinese ha incaricato Kang Sheng di presentare un rapporto sulla questione.
Testo riprodotto in 宋永毅《机密档案中新发现的毛泽东讲话》[Discorsi di Mao Zedong recentemente scoperti negli archivi riservati], 国史出版社, 2018."
AMI-0035,unità,italiano,Viva il popolo cinese,No,Unione dei Comunisti Italiani (marxisti-leninisti),,,08/1969,1969-08,Periodico,Milano,Galassia marxista-leninista,Mao Zedong,,Collezione personale,https://archive.org/details/viva-il-popolo-cinese/mode/2up,,,,,"Magazine a cura dell'Unione dei Comunisti Italiani (marxisti-leninisti), pubblicata attraverso la casa editrice di partito, Edizioni Servire il Popolo.
La rivista illustra gli sviluppi della Grande Rivoluzione Proletaria Culturale in Cina e auspica una sua versione italiana.
""Da quando l'Unione dei Comunisti è stata fondata, il 2 ottobre 1968, è ripresa la marcia del popolo italiano verso l'instaurazione della dittatura del proletariato. E' il pensiero del presidente Mao che ci ha illuminati, è il libretto rosso delle citazioni che ci ha uniti. L'Unione dei Comunisti ha insegnato ai proletari italiani la massima fondamentale del socialismo: «Servire il popolo»."""
AMI-0036,unità,italiano,"In caso di golpe: Manuale teorico-pratico per il cittadino, di resistenza totale e di guerra di popolo, di guerriglia e di controguerriglia",No,Stella Rossa - Fronte Rivoluzionario Marxista-Leninista,Vincenzo Calò,Savelli,1975,1975,Libro,Roma,Varie,Vladimir Lenin; Mao Zedong,Stella Rossa - Fronte Rivoluzionario Marxista-Leninista,Collezione personale,https://archive.org/details/in-caso-di-golpe-AMI/mode/2up,,,,,"Antologia pubblicata dalla casa editrice di Nuova Sinistra Savelli, a cura di Vincenzo Calò, fondatore di Stella Rossa - Fronte Rivoluzionario Marxista-Leninista.
Il libro, contenente estratti ad argomento militare da scritti di Carl von Clausewitz, Vladimir Lenin e Mao Zedong, si pone di istruire il militante ai principi della lotta armata in caso di golpe militare (effettivamente tentato pochi anni prima da Junio Valerio Borghese).
La copia qui presente riporta cancellature sulla prefazione a cura di Calò, probabilmente causate da antipatie politiche, vista anche la scritta ""VIVA L'ORGANIZZAZIONE COMBATTENTE COMUNISTA PRIMA LINEA"" sull'indice in fondo."
AMI-0037,unità,italiano,I compiti del Partito Comunista Cinese nel periodo della resistenza al Giappone,No,Partito Comunista Cinese,Mao Zedong,Casa editrice in lingue estere,1968,1968,Opuscolo,Pechino,Materiali cinesi,,,Collezione personale,https://archive.org/details/compiti-guerra-giapponese/mode/2up,,,,pp. 66,"""Questo rapporto fu presentato dal compagno Mao Tse-tung alla conferenza nazionale del Partito comunista cinese tenutasi a Yenan il 3 maggio 1937.""
Nel contesto dell'invasione giapponese della Manciuria, Mao Zedong - allora presidente della commissione militare centrale del PCC - affronta il tema del fronte unito nazionale antigiapponese con il Guomindang (KMT)
Opuscolo prodotto dalla Casa editrice in lingue estere di Pechino, Cina, pp. 66, 1968."
AMI-0038,unità,italiano,Comunicato della seconda sessione plenaria del IX Comitato Centrale del Partito Comunista Cinese,No,Partito Comunista Cinese,Comitato Centrale del PCC,Casa editrice in lingue estere,1970,1970,Opuscolo,Pechino,Materiali cinesi,Mao Zedong; Lin Biao,,Collezione personale,https://archive.org/details/comunicato-ix-cc/mode/2up,,,,pp. 15,"Sommario della seconda sessione plenaria del CC del PCC, tenutasi in seguito al IX Congresso (1969).
""Il Partito del Lavoro d'Albania e i partiti e le organizzazioni autenticamente marxisti-leninisti del mondo conseguono di continuo enormi successi nella lotta contro l'imperialismo capeggiato dagli Stati Uniti, contro il revisionismo moderno con al centro il revisionismo sovietico e contro la reazione dei vari paesi.""
Opuscolo prodotto dalla Casa editrice in lingue estere di Pechino, Cina, pp. 15, 1970."
AMI-0039,unità,italiano,Il Presidente Mao Tse-tung sulla Guerra Popolare,No,Partito Comunista Cinese,Mao Zedong,Casa editrice in lingue estere,1968,1968,Libro,Pechino,Materiali cinesi; Libretti rossi,,,Collezione personale,https://archive.org/details/sulla-guerra-popolare/mode/2up,,,,pp. 54; 18 x 11 cm,"Raccolta antologica di citazioni a tema militare (in particolare sulla ""Guerra popolare di lunga durata"" maoista) del Presidente cinese Mao Zedong. Segue lo stile delle più famose Citazioni dalle opere del Presidente Mao Tse-tung, meglio conosciuto come Libretto rosso, e ne fornisce una sorta di appendice tematica.
Libro tradotto e pubblicato dalla Casa editrice in lingue estere di Pechino, Cina, 1968. Copertina in vinile rosso, 18 x 11 cm, pp. 54."
AMI-0040,unità,italiano,I membri del Partito Comunista devono essere elementi avanzati del proletariato,No,Partito Comunista Cinese,Renmin Ribao; Jiefangjun Bao; Hongqi,Casa editrice in lingue estere,1970,1970,Opuscolo,Pechino,Materiali cinesi,,,Collezione personale,https://archive.org/details/membri-del-partito-avanzati/mode/2up,,,,pp. 12,"L'opuscolo contiene un editoriale condiviso tra Renmin Ribao (Quotidiano del Popolo), Hongqi (Bandiera Rossa) e Jiefangjun Bao (Quotidiano dell'EPL), pubblicato il 1 luglio 1970, in commemorazione del 49° anniversario della fondazione del Partito Comunista Cinese
Opuscolo prodotto dalla Casa editrice in lingue estere di Pechino, Cina, pp. 12, 1970."
AMI-0041,unità,italiano,Citazioni del presidente Mao Tse-tung: Il libro delle guardie rosse,No,,Mao Zedong,Feltrinelli,1968,1968,Libro,Milano,Libretti rossi,,,Collezione personale,https://archive.org/details/citazioni-del-presidente-mao-tse-tung-feltrinelli/mode/2up,,,,pp. 198,"Edizione italiana del famoso Libretto rosso [originale 毛主席语录 (Máo Zhǔxí Yǔlù)] a cura della casa editrice milanese Feltrinelli. L'edizione si distingue per la mancanza della prefazione del Maresciallo Lin Biao e per l'anonimità del processo di traduzione.
III edizione (settembre 1968), pp. 198."
AMI-0042,unità,italiano,Citazioni: Il breviario delle guardie rosse,No,,Mao Zedong,Longanesi & C.,1967,1967,Libro,Milano,Libretti rossi,Giorgio Zucchetti,Associazione Italia-Cina,Collezione personale,https://archive.org/details/breviario-delle-guardie-rosse/mode/2up,,,,pp. 263,"Edizione italiana del famoso Libretto rosso [originale 毛主席语录 (Máo Zhǔxí Yǔlù)] a cura della casa editrice milanese Longanesi & C. L'edizione si distingue per il colore bianco della copertina e per l'utilizzo della prefazione firmata dal ""Dipartimento Politico dell'Esercito Popolare di Liberazione"" (1 agosto 1965) antecedente a quella del Maresciallo Lin Biao (16 dicembre 1966)
La traduzione del libro è stata curata da Giorgio Zucchetti, presidente dell'Associazione Italia-Cina e collaboratore di Radio Pechino.
II edizione/ristampa (1967), pp. 263"
AMI-0043,unità,italiano,Sulla Nuova Democrazia,No,Partito Comunista Cinese,Mao Zedong,Casa editrice in lingue estere,1968,1968,Opuscolo,Pechino,Materiali cinesi; Fondamenti del maoismo,,,Collezione personale,https://archive.org/details/sulla-nuova-democrazia/mode/2up,,,,pp. 73,"Questo saggio, scritto da Mao Zedong nel 1940, è trai testi fondativi del maoismo e del sistema di governance della Repubblica Popolare Cinese. Esso immagina la società di ""Nuova Democrazia"", applicazione cinese di una transizione graduale al socialismo. Questo periodo si caratterizza per la collaborazione del Partito Comunista Cinese con le ""classi patriottiche"", cioè tutte le persone anti-imperialiste e anti-feudali.
Opuscolo pubblicato dalla Casa editrice in lingue estere di Pechino, Cina, pp. 73, 1968."
AMI-0044,unità,italiano,Analisi delle classi nella società cinese,No,Partito Comunista Cinese,Mao Zedong,Casa editrice in lingue estere,1967,1967,Opuscolo,Pechino,Materiali cinesi; Fondamenti del maoismo,,Nuove Edizioni Oriente,Collezione personale,https://archive.org/details/analisi-delle-classi/mode/2up,,,,pp. 14,"In questo articolo del 1926 Mao Zedong, allora Segretario della Commissione del Movimento Contadino, polemizza con due ali distinte del Partito, l'una esclusivamente concentrata sull'alleanza con il Guomindang (KMT), l'altra sul lavoro tra il numericamente esiguo proletariato industriale cinese. Mao divide la popolazione cinese in nemici e alleati della rivoluzione, individuando nel proletariato la forza guida, nei contadini il principale alleato e nella borghesia terriera il nemico.
Copia annotata e recante il timbro delle ""Nuove Edizioni Oriente"", frazione autodefinitasi ""linea rossa"" delle Edizioni Oriente, politicamente allineata al Partito Comunista d'Italia (marxista-leninista) di Fosco Dinucci.
Opuscolo pubblicato dalla Casa editrice in lingue estere di Pechino, Cina, pp. 14, 1967."
AMI-0045,unità,italiano,Sulla pratica,No,Partito Comunista Cinese,Mao Zedong,Casa editrice in lingue estere,1968,1968,Opuscolo,Pechino,Materiali cinesi; Fondamenti del maoismo,,,Collezione personale,https://archive.org/details/sulla-pratica/mode/2up,,,,pp. 22,"Saggio fondamentale del maoismo, scritto dal Presidente Mao Zedong nel 1937 ""per denunciare, basandosi sulla teoria marxista della conoscenza, gli errori di carattere soggettivo del dogmatismo e dell'empirismo [...] in seno al nostro Partito"".
Opuscolo pubblicato dalla Casa editrice in lingue estere, Pechino, Cina, pp. 22, 1968."
AMI-0046,unità,italiano,La lotta sui monti Chingkang,No,Partito Comunista Cinese,Mao Zedong,Casa editrice in lingue estere,1969,1969,Opuscolo,Pechino,Materiali cinesi,,,Collezione personale,https://archive.org/details/lotta-monti-chingkang/mode/2up,,,,pp. 50,"L'opuscolo contiene il rapporto, scritto da Mao Zedong il 25 novembre 1928, riguardante l'esperienza della prima base rivoluzionaria dell'Esercito rosso cinese.
Opuscolo pubblicato dalla Casa editrice in lingue estere di Pechino, Cina, pp. 50, 1969."
AMI-0047,unità,italiano,La questione dell'indipendenza e dell'autonomia nel Fronte Unito,No,Partito Comunista Cinese,Mao Zedong,Casa editrice in lingue estere,1971,1971,Opuscolo,Pechino,Materiali cinesi,,,Collezione personale,https://archive.org/details/questione-dellindipendenza/mode/2up,,,,pp. 7,"Saggio presentato durante la sesta sessione plenaria del VI Comitato Centrale del Partito Comunista Cinese (1938). In esso il Presidente Mao Zedong illustra la politica seguita dal Partito nel periodo del Fronte Unito con i nazionalisti del Guomindang (KMT)
Opuscolo pubblicato dalla Casa editrice in lingue estere di Pechino, Cina, pp. 7, 1971."
AMI-0048,unità,italiano,Rapporto d'inchiesta sul movimento contadino nello Hunan,No,Partito Comunista Cinese,Mao Zedong,Casa editrice in lingue estere,1968,1968,Opuscolo,Pechino,Materiali cinesi; Fondamenti del maoismo,,,Collezione personale,https://archive.org/details/inchiesta-movimento-contadino-hunan/mode/2up,,,,pp. 55,"Nel rapporto, scritto nel 1927, Mao Zedong polemizza con la linea dell'attuale leader del Partito Comunista Cinese, Chen Duxiu, esclusivamente concentrata sul proletariato industriale urbano ed opposta ai contadini, che nel frattempo mostravano segnali insurrezionali o rivoluzionari. In questo testo, quindi, emerge la centralità dei contadini nel pensiero di Mao Zedong.
Opuscolo pubblicato dalla Casa editrice in lingue estere di Pechino, Cina, pp. 55, 1968."
AMI-0049,unità,italiano,Sulla contraddizione,No,Partito Comunista Cinese,Mao Zedong,Casa editrice in lingue estere,1968,1968,Opuscolo,Pechino,Materiali cinesi; Fondamenti del maoismo,,,Collezione personale,https://archive.org/details/sulla-contraddizione/mode/2up,,,,pp. 95,"Il seguente testo rappresenta il fondamento filosofico del maoismo. Il saggio, scritto dopo Sulla pratica (1937), mira allo stesso scopo: la correzione del ""dogmatismo"" all'interno del Partito Comunista Cinese. Nell'analisi della contraddizione, intesa come qualcosa di universale - insita in ogni cosa, Mao esplicita per la prima volta il rapporto tra contraddizioni principali e secondarie.
Opuscolo pubblicato dalla Casa editrice in lingue estere di Pechino, Cina, pp. 95, 1968."
AMI-0050,unità,italiano,Problemi strategici della guerra rivoluzionaria in Cina,No,Partito Comunista Cinese,Mao Zedong,Casa editrice in lingue estere,1968,1968,Opuscolo,Pechino,Materiali cinesi; Fondamenti del maoismo,,,Collezione personale,https://archive.org/details/problemi-strategici-della-guerra-rivoluzionaria/mode/2up,,,,pp. 115,"Testo prodotto, nel 1936, come bilancio dell'esperienza militare acquisita nel corso della Seconda guerra civile con il Guomindang (KMT) e successivamente utilizzato come materiale per un ciclo di conferenze tenuto all'Accademia dell'Esercito rosso. Nell'opera emergono esplicitamente la teoria della guerriglia contadina e della guerra prolungata.
Opuscolo pubblicato dalla Casa editrice in lingue estere di Pechino, Cina, pp. 115, 1968."
AMI-0051,unità,italiano,Rapporto alla seconda sessione plenaria del settimo Comitato Centrale del Partito Comunista Cinese,No,Partito Comunista Cinese,Mao Zedong,Casa editrice in lingue estere,1968,1968,Opuscolo,Pechino,Materiali cinesi,,,Collezione personale,https://archive.org/details/rapporto-seconda-sessione-plenaria/mode/2up,,,,pp. 35,"Rapporto presentato dal Presidente Mao Zedong il 1 marzo 1949, alla sessione del settimo Comitato Centrale del PCC antecedente alla vittoria della guerra rivoluzionaria contro i nazionalisti del Guomindang (KMT). Nel rapporto Mao anticipa la svolta politica che il partito dovrà attuare una volta al potere.
Opuscolo pubblicato dalla Casa editrice in lingue estere di Pechino, Cina, pp. 35, 1968."
AMI-0052,unità,italiano,Gli studenti alleati del proletariato nella lotta rivoluzionaria in Italia,No,Avanguardia Proletaria Maoista,Avanguardia Proletaria Maoista,Biblioteca dell'Avanguardia Proletaria,1969,1969,Libro,Milano,Galassia marxista-leninista,Sergio Spazzali; Michele Semeraro,,Collezione personale,https://archive.org/details/studenti-alleati-proletariato/mode/2up,,,,pp. 42,"Opera di riflessione sulla condizione dello studente universitario italiano nel contesto dei movimenti di contestazione del Sessantotto. Il testo espone il punto di vista specifico dell'organizzazione/partito Avanguardia Proletaria Maoista, organismo animato da Sergio Spazzali e Michele Semeraro, emerso dalla disgregazione della Federazione Marxista-Leninista d'Italia (1968).
Libro pubblicato da Biblioteca dell'Avanguardia Proletaria, pp. 42, 1969."
AMI-0053,unità,italiano,Sosteniamo il Congresso di fondazione del PARTITO COMUNISTA (marxista-leninista) ITALIANO per fare l'Italia rossa e socialista come la Cina di Mao,No,Unione dei Comunisti Italiani (marxisti-leninisti),,,1972,1972,Volantino,Cinisello Balsamo,Galassia marxista-leninista,,Partito Comunista (marxista-leninista) Italiano,Collezione personale,https://archive.org/details/volantino-congresso-di-fondazione-pcm-l-i/mode/2up,,,,,"Volantino dell'Unione dei Comunisti Italiani (marxisti-leninisti) / Servire il popolo che annuncia l'imminente congresso di fondazione del Partito Comunista (marxista-leninista) Italiano (PC(m-l)I), il 16 aprile 1972. Coloro che ricevono il volantino - nelle intenzioni dell'UCI ""Operai, lavoratori e democratici che avete a cuore la causa della fondazione del PC(m-l)I"" - sono invitati ad inviare un saluta al congresso tramite l'apposito modulo sul retro."
AMI-0054,unità,italiano,RICERCATO: Leonida Breznev - Manifesto del Partito Comunista Unificato d'Italia,No,Partito Comunista Unificato d'Italia,Partito Comunista Unificato d'Italia,Linea Proletaria,03/1978,1978-03,Manifesto,Milano,Galassia marxista-leninista,Osvaldo Pesce; Leonid Brežnev; Aldo Moro; Carlo Casalegno,,Collezione personale,https://archive.org/details/manifesto-pcudi-breznev,manifesto-pcudi-breznev.jpg,,,"1 manifesto, colore","Manifesto polemico prodotto dal Partito Comunista Unificato d'Italia di Osvaldo Pesce nel marzo 1978, poco dopo il sequestro di Aldo Moro (16 marzo). Il poster mostra il leader sovietico ""Leonida Breznev"" come un ricercato latitante ed elenca i suoi ""crimini"". Questi, oltre il succitato rapimento Moro, includono l'omicidio di Carlo Casalegno e le aggressioni militari contro Cecoslovacchia, Angola e Somalia."
AMI-0055,unità,italiano,"Osare pensare, osare parlare, osare agire, osare fare la rivoluzione - Manifesto PCd'I (m-l)",No,Partito Comunista d'Italia (marxista-leninista),Partito Comunista d'Italia (marxista-leninista),Nuova Unità,1967,1967,Manifesto,,Galassia marxista-leninista,Mao Zedong,,Collezione personale,https://archive.org/details/osare-poster-pcdi,osare-poster-pcdi.png,,,"1 manifesto, colore","Manifesto prodotto dal Partito Comunista d'Italia (marxista-leninista) nell'ottobre 1967. Sotto il grande logo del partito si legge l'appello all'internazionalismo di Mao Zedong, proveniente dalla ""Dichiarazione in appoggio al popolo del Congo (Leopoldville) contro l'aggressione degli Stati Uniti"" del 28 novembre 1964."
AMI-0056,unità,italiano,Il Presidente Mao Tse-tung sulla Guerra di popolo,No,Edizioni Oriente,Mao Zedong,Edizioni Oriente,1967,1967,Libro,Milano,Libretti rossi,,,Collezione personale,https://archive.org/details/mao-tse-tung-guerra-di-popolo/mode/2up,,,,pp. 38,"Traduzione a cura della casa editrice militante Edizioni Oriente della raccolta antologica di citazioni a tema militare del Presidente cinese Mao Zedong ""毛主席论人民战争"". Segue lo stile delle più famose Citazioni dalle opere del Presidente Mao Tse-tung, meglio conosciuto come Libretto rosso, e ne fornisce una sorta di appendice tematica.
Libro tradotto e pubblicato dalle Edizioni Oriente, Milano, pp. 38, 1967."
AMI-0057,unità,italiano,Congresso di fondazione del Partito Comunista Unificato d'Italia,Sì,Partito Comunista Unificato d'Italia,Partito Comunista Unificato d'Italia,Linea Proletaria,1977-05-08 00:00:00,1977-05-08,Foto,Roma,Galassia marxista-leninista,Osvaldo Pesce; Giuseppe Burgani; Gustavo Hermann; Michele Semeraro,Organizzazione dei Comunisti (marxisti-leninisti) d'Italia; Organizzazione Comunista (marxista-leninista) Fronte Unito; Partito Comunista (marxista-leninista) d'Italia - Lotta di lunga durata; Partito Comunista Marxista-Leninista-Maoista Italiano; Coscienza Operaia; Ideologia Proletaria; Linea Proletaria,Collezione personale,https://archive.org/details/fondazione-pcudi-1977,05.08.1977-fondazione-pcudi.png,,,"1 fotografia, b/n","Foto dal ""Congresso di ricostruzione del Partito Comunista Unificato della classe operaia - Roma, 6-7-8 Maggio 1977"", che sancirà la fondazione del Partito Comunista Unificato d'Italia, guidato da Osvaldo Pesce. Confluiscono nel PCUd'I:
• L'Organizzazione dei Comunisti (marxisti-leninisti) d'Italia di Pesce (nata nel 1970)
• L'Organizzazione Comunista (marxista-leninista) - Fronte Unito di Giuseppe Burgani (nata nel 1973)
• Il Partito Comunista d'Italia (marxista-leninista) - Lotta di lunga durata di Gustavo Hermann (nato nel 1969)
• Il Partito Marxista-Leninista-Maoista Italiano di Michele Semeraro (nato nel 1969 come scissione di Avanguardia Proletaria Maoista)
• I gruppi minori di ""Coscienza Operaia"" e ""Ideologia Proletaria""
Il partito pubblica il giornale ""Linea Proletaria"", ereditato dall'organizzazione di Pesce."
AMI-0058,unità,italiano,"Proletari senza rivoluzione: Storia delle classi subalterne italiane dal 1860 al 1950, Vol. 1",No,Edizioni Oriente,Renzo Del Carria,Edizioni Oriente,1970,1970,Libro,Milano,Varie,,,Collezione personale,https://archive.org/details/proletari-senza-rivoluzione-1/mode/2up,,,,pp. 461,"""Best-seller"" del marxismo-leninismo, il libro è una ricostruzione storica-militante a cura di Renzo Del Carria, delle vicende sociali e politiche (e la lotta di classe) delle classi subalterne italiane dall’unità al dopoguerra.
Pubblicato da Edizioni Oriente, Milano, pp. 461, 1970 (II ed.)"
AMI-0059,unità,italiano,"Proletari senza rivoluzione: Storia delle classi subalterne italiane dal 1860 al 1950, Vol. 2",No,Edizioni Oriente,Renzo Del Carria,Edizioni Oriente,1970,1970,Libro,Milano,Varie,,,Collezione personale,https://archive.org/details/proletari-senza-rivoluzione-2/mode/2up,,,,pp. 449,"""Best-seller"" del marxismo-leninismo, il libro (secondo volume) è una ricostruzione storica-militante a cura di Renzo Del Carria, delle vicende sociali e politiche (e la lotta di classe) delle classi subalterne italiane dall’unità al dopoguerra.
Pubblicato da Edizioni Oriente, Milano, pp. 449, 1970 (II ed.)"
AMI-0060,unità,italiano,Come diventare un buon comunista,No,Edizioni Oriente,Liu Shaoqi,Edizioni Oriente,1965,1965,Libro,Milano,Varie,Arnaldo Bressan,Lega della gioventù comunista (marxista-leninista) d'Italia; Partito Comunista Cinese,Collezione personale,https://archive.org/details/come-diventare-un-buon-comunista/mode/2up,,,,pp. 143,"Prima di essere identificato come capo della ""linea nera anti-partito"" durante la Rivoluzione culturale, il presidente della Repubblica Popolare Cinese Liu Shaoqi era considerato uno dei ""vecchi gloriosi compagni"" del Partito Comunista Cinese. Fino alla sua ""scomunica"", quindi, i filo-cinesi italiani leggono e pubblicano i suoi discorsi e le sue opere, tra cui il seguente volume, una guida all'autoeducazione ideologica dei comunisti cinesi, composto dalla compilazione di una serie di conferenze tenute da Liu nel 1939.
Libro tradotto da Arnaldo Bressan (Lega della gioventù comunista (marxista-leninista) d'Italia) e pubblicato dalle Edizioni Oriente, Milano, pp. 143, 1965.
Copertina ricostruita digitalmente sulla base del frontespizio e della comparazione con il catalogo delle Edizioni Oriente."
AMI-0061,unità,italiano,Sulla guerra di lunga durata,No,Partito Comunista Cinese,Mao Zedong,Casa editrice in lingue estere,1971,1971,Opuscolo,Pechino,Materiali cinesi; Fondamenti del maoismo,,,Collezione personale,https://archive.org/details/guerra-di-lunga-durata/mode/2up,,,,pp. 131,"Basato su una serie di lezioni tenute a Yan'an nel corso del 1938, il testo vede Mao Zedong, ormai a capo della strategia militare del Partito Comunista Cinese, discutere dell'esperienza accumulata nell'anno precedente, in seguito all'invasione giapponese della Manciuria (1937). La resistenza antigiapponese deve, secondo Mao, trasformarsi in una ""Guerra di lunga durata"".
Opuscolo pubblicato dalla Casa editrice in lingue estere di Pechino, Cina, pp. 131, 1971."
AMI-0062,unità,italiano,Delegazione del movimento studentesco dell'Università di Trieste sulla nave cinese Jinsha,Sì,,,,1968-03-20 00:00:00,1968-03-20,Foto,Trieste,Varie,,Partito Comunista d'Italia (marxista-leninista); Movimento Studentesco,Collezione personale,https://archive.org/details/1968-delegazione-nave-jinsha,1968-Delegazione-Nave-Jinsha.png,,,"1 fotografia, b/n","Studenti ""reduci"" dall'occupazione della facoltà di Lettere e Filosofia dell'Università di Trieste sulla nave cinese Jinsha, attraccata all'Arsenale Triestino. Gli studenti, tra cui Dario Visintini - PCd'I (m-l) - e Marina Rossi, posano intorno ad un marinaio cinese e sventolano i loro ""Libretti rossi"".
L'episodio non causò particolari disordini, a differenza del precedente caso ""Li-ming"" del 1967, quando una nave cinese diretta a Genova fu trattenuta in quarantena per circa un mese, a causa degli striscioni inneggianti al pensiero di Mao Tse-tung esposti sulla nave."
AMI-0063,unità,italiano,Volantino del PC(m-l)I contro il carovita sotto il governo Rumor,No,Partito Comunista (marxista-leninista) Italiano,Partito Comunista (marxista-leninista) Italiano,,01/1974,1974-01,Volantino,Brindisi,Galassia marxista-leninista,Aldo Brandirali,,Archivio Storico Benedetto Petrone,https://archive.org/details/pcmli-volantino-contro-rumor/mode/2up,,,,,"Volantino curato dal Comitato provinciale di Brindisi del Partito Comunista (marxista-leninista) Italiano, evoluzione dell'Unione dei Comunisti Italiani (marxisti-leninisti) di Aldo Brandirali.
Ciclostilato in proprio, gennaio 1974.
Documento originale disponibile presso l'Archivio Storico Benedetto Petrone (https://www.pugliantagonista.it/)"
AMI-0064,unità,italiano,Volantino dell'OC(m-l) - Fronte Unito contro l'aumento del costo della benzina,No,Organizzazione Comunista (marxista-leninista) Fronte Unito,Organizzazione Comunista (marxista-leninista) Fronte Unito,,1973-10-19 00:00:00,1973-10-19,Volantino,Brindisi,Galassia marxista-leninista,,Fronte Unito,Archivio Storico Benedetto Petrone,https://archive.org/details/ocml-volantino-anti-rumor/mode/2up,,,,,"Volantino curato dall'Organizzazione Comunista (marxista-leninista) (detta Fronte Unito dal titolo del suo organo di stampa), scissione del Partito Comunista d'Italia (marxista-leninista) di Fosco Dinucci, guidata da Giuseppe ""Beppe"" Burgani. Il volantino, pubblicato a Brindisi nel 1973, lamenta l'aumento delle tasse e del costo della vita, benzina in particolare."
AMI-0065,unità,italiano,Manifestazione del Partito Comunista d'Italia (marxista-leninista),Sì,Partito Comunista d'Italia (marxista-leninista),,,1968,1968,Foto,Milano,Galassia marxista-leninista,Mao Zedong; Iosif Stalin,,Collezione personale,https://archive.org/details/1968.manifestazione.PCDI,1968.Mantifestazione.PCDI.jpg,,,"1 fotografia, b/n","Militanti del Partito Comunista d'Italia (marxista-leninista) in manifestazione a Milano, 1968. I militanti innalzano cartelloni raffiguranti Iosif Stalin e Mao Zedong."
AMI-0066,unità,italiano,Manifestazione del Movimento Studentesco,Sì,Movimento Studentesco,,,1970,1970,Foto,Milano,Galassia marxista-leninista,Mario Capanna; Mao Zedong,,Collezione personale,https://archive.org/details/1970-movimento-studentesco-pensierodi-mao,1970.Movimento.Studentesco.PensierodiMao.jpg,,,"1 fotografia, colore","Militanti del Movimento Studentesco di Milano, guidato da Mario Capanna, sorreggono uno striscione inneggiante al Pensiero di Mao Tse-tung, Milano, 1970."
AMI-0067,unità,italiano,Volantino del PCd'I(m-l) contro l'eccidio di Avola,No,Partito Comunista d'Italia (marxista-leninista),,,12/1968,1968-12,Volantino,Livorno,Galassia marxista-leninista,,,Collezione personale,https://archive.org/details/1968-volantino-pcdi-avola/mode/2up,                                           ,,,,"Volantino pubblicato dal Partito Comunista d'Italia (marxista-leninista) contro l'eccidio di Avola (2 dicembre 1968), quando la polizia locale sparò ad altezza uomo su dei contadini che manifestavano contro il caporalato. Nel volantino il partito m-l accusa l'intero arco parlamentare di complicità con i fatti, PCI e PSIUP compresi, in quanto intenderebbero ""disarmare la classe operaia"".
Stampato a Livorno, dicembre 1968."
AMI-0068,unità,italiano,"Lotta di Classe, no. 1",No,Circoli Lenin dell'Emilia Romagna,Circoli Lenin dell'Emilia Romagna,,05/1970,1970-05,Periodico,Bologna,Riviste marxiste-leniniste,,,"Archivio Storico della Nuova Sinistra ""Marco Pezzi""",https://archive.org/details/lotta-di-classe-1970-01/mode/2up,,,,,"Lotta di classe, giornale politico dei comitati degli operai, dei contadini e degli studenti. Quindicinale a cura del circolo Lenin di Budrio - n. 1 (1970)"
AMI-0069,unità,italiano,"Lotta di Classe, no. 2",No,Circoli Lenin dell'Emilia Romagna,Circoli Lenin dell'Emilia Romagna,,1970-05-16 00:00:00,1970-05-16,Periodico,Bologna,Riviste marxiste-leniniste,,,"Archivio Storico della Nuova Sinistra ""Marco Pezzi""",https://archive.org/details/lotta-di-classe-1970-02/mode/2up,,,,,"Lotta di classe, giornale politico dei comitati degli operai, dei contadini e degli studenti. Quindicinale a cura del circolo Lenin di Budrio - n. 2 (1970)"
AMI-0070,unità,italiano,"Lotta di Classe, supplemento al no. 2",No,Circoli Lenin dell'Emilia Romagna,Circoli Lenin dell'Emilia Romagna,,1970-05-30 00:00:00,1970-05-30,Periodico,Bologna,Riviste marxiste-leniniste,,,"Archivio Storico della Nuova Sinistra ""Marco Pezzi""",https://archive.org/details/lotta-di-classe-1970-02-suppl/mode/2up,,,,,"Lotta di classe, organo del circolo Lenin di Faenza. Supplemento al n. 2 di ""Lotta di classe"", quindicinale a cura del circolo Lenin di Budrio"
AMI-0071,unità,italiano,"Lotta di Classe, no. 3",No,Circoli Lenin dell'Emilia Romagna,Circoli Lenin dell'Emilia Romagna,,1970-05-31 00:00:00,1970-05-31,Periodico,Bologna,Riviste marxiste-leniniste,,,"Archivio Storico della Nuova Sinistra ""Marco Pezzi""",https://archive.org/details/lotta-di-classe-1970-03/mode/2up,,,,,"Lotta di classe, giornale politico dei comitati degli operai, dei contadini e degli studenti. Quindicinale marxista leninista dei circoli Lenin dell'Emilia Romagna - n. 3 (1970)"
AMI-0072,unità,italiano,"Lotta di Classe, no. 4",No,Circoli Lenin dell'Emilia Romagna,Circoli Lenin dell'Emilia Romagna,,1970-06-21 00:00:00,1970-06-21,Periodico,Bologna,Riviste marxiste-leniniste,,,"Archivio Storico della Nuova Sinistra ""Marco Pezzi""",https://archive.org/details/lotta-di-classe-1970-04/mode/2up,,,,,"Lotta di classe, giornale politico dei comitati degli operai, dei contadini e degli studenti. Quindicinale marxista leninista dei circoli Lenin dell'Emilia Romagna - n. 4"
AMI-0073,unità,italiano,"Lotta di Classe, no. 5/6",No,Circoli Lenin dell'Emilia Romagna,Circoli Lenin dell'Emilia Romagna,,1970-07-16 00:00:00,1970-07-16,Periodico,Bologna,Riviste marxiste-leniniste,,,"Archivio Storico della Nuova Sinistra ""Marco Pezzi""",https://archive.org/details/lotta-di-classe-1970-05-06/mode/2up,,,,,"Lotta di classe, giornale politico dei comitati degli operai, dei contadini e degli studenti. Quindicinale marxista leninista dei circoli Lenin dell'Emilia Romagna - n. 5/6"
AMI-0074,unità,italiano,"Lotta di Classe, no. 7/8",No,Circoli Lenin dell'Emilia Romagna,Circoli Lenin dell'Emilia Romagna,,1970-09-13 00:00:00,1970-09-13,Periodico,Bologna,Riviste marxiste-leniniste,,,"Archivio Storico della Nuova Sinistra ""Marco Pezzi""",https://archive.org/details/lotta-di-classe-1970-07-08/mode/2up,,,,,"Lotta di classe, giornale politico dei comitati degli operai, dei contadini e degli studenti. Quindicinale marxista leninista dei circoli Lenin dell'Emilia Romagna - n. 7/8"
AMI-0075,unità,italiano,"Lotta di Classe, no. 9/10",No,Circoli Lenin dell'Emilia Romagna,Circoli Lenin dell'Emilia Romagna,,1970-10-25 00:00:00,1970-10-25,Periodico,Bologna,Riviste marxiste-leniniste,,,"Archivio Storico della Nuova Sinistra ""Marco Pezzi""",https://archive.org/details/lotta-di-classe-1970-09-10/mode/2up,,,,,"Lotta di classe, giornale politico dei comitati degli operai, dei contadini e degli studenti. Quindicinale marxista leninista dei circoli Lenin dell'Emilia Romagna - n. 9/10"
AMI-0076,unità,italiano,"Lotta di Classe, no. 11",No,Circoli Lenin dell'Emilia Romagna,Circoli Lenin dell'Emilia Romagna,,1970-11-15 00:00:00,1970-11-15,Periodico,Bologna,Riviste marxiste-leniniste,,,"Archivio Storico della Nuova Sinistra ""Marco Pezzi""",https://archive.org/details/lotta-di-classe-1970-11/mode/2up,,,,,"Lotta di classe, giornale politico dei comitati degli operai, dei contadini e degli studenti. Quindicinale marxista leninista dei circoli Lenin dell'Emilia Romagna - n. 11"
AMI-0077,unità,italiano,"Lotta di Classe, no. 12",No,Circoli Lenin dell'Emilia Romagna,Circoli Lenin dell'Emilia Romagna,,1970-12-13 00:00:00,1970-12-13,Periodico,Bologna,Riviste marxiste-leniniste,,,"Archivio Storico della Nuova Sinistra ""Marco Pezzi""",https://archive.org/details/lotta-di-classe-1970-12/mode/2up,,,,,"Lotta di classe, giornale politico dei comitati degli operai, dei contadini e degli studenti. Quindicinale marxista leninista dei circoli Lenin dell'Emilia Romagna - n. 12"
AMI-0078,unità,italiano,"Lotta di Classe, no. 13",No,Circoli Lenin dell'Emilia Romagna,Circoli Lenin dell'Emilia Romagna,,1971-01-17 00:00:00,1971-01-17,Periodico,Bologna,Riviste marxiste-leniniste,,,"Archivio Storico della Nuova Sinistra ""Marco Pezzi""",https://archive.org/details/lotta-di-classe-1971-13/mode/2up,,,,,"Lotta di classe, giornale politico dei comitati degli operai, dei contadini e degli studenti. Quindicinale marxista leninista dei circoli Lenin dell'Emilia Romagna - n. 13"
AMI-0079,unità,italiano,"Lotta di Classe, no. 14",No,Circoli Lenin dell'Emilia Romagna,Circoli Lenin dell'Emilia Romagna,,1971-02-07 00:00:00,1971-02-07,Periodico,Bologna,Riviste marxiste-leniniste,,,"Archivio Storico della Nuova Sinistra ""Marco Pezzi""",https://archive.org/details/lotta-di-classe-1971-14/mode/2up,,,,,"Lotta di classe, giornale politico dei comitati degli operai, dei contadini e degli studenti. Quindicinale marxista leninista dei circoli Lenin dell'Emilia Romagna - n. 14"
AMI-0080,unità,italiano,"Lotta di Classe, no. 15/16",No,Circoli Lenin dell'Emilia Romagna,Circoli Lenin dell'Emilia Romagna,,1971-03-07 00:00:00,1971-03-07,Periodico,Bologna,Riviste marxiste-leniniste,,,"Archivio Storico della Nuova Sinistra ""Marco Pezzi""",https://archive.org/details/lotta-di-classe-1971-15-16/mode/2up,,,,,"Lotta di classe, giornale politico dei comitati degli operai, dei contadini e degli studenti. Quindicinale marxista leninista dei circoli Lenin dell'Emilia Romagna - n. 15/16"
AMI-0081,unità,italiano,"Lotta di Classe, no. 17/18",No,Circoli Lenin dell'Emilia Romagna,Circoli Lenin dell'Emilia Romagna,,1971-04-04 00:00:00,1971-04-04,Periodico,Bologna,Riviste marxiste-leniniste,,,"Archivio Storico della Nuova Sinistra ""Marco Pezzi""",https://archive.org/details/lotta-di-classe-1971-17-18/mode/2up,,,,,"Lotta di classe, giornale politico dei comitati degli operai, dei contadini e degli studenti. Quindicinale marxista leninista dei circoli Lenin dell'Emilia Romagna - n. 17/18"
AMI-0082,unità,italiano,"Lotta di Classe, no. 19/20",No,Circoli Lenin dell'Emilia Romagna,Circoli Lenin dell'Emilia Romagna,,1971-05-01 00:00:00,1971-05-01,Periodico,Bologna,Riviste marxiste-leniniste,,,"Archivio Storico della Nuova Sinistra ""Marco Pezzi""",https://archive.org/details/lotta-di-classe-1971-19-20/mode/2up,,,,,"Lotta di classe, giornale politico dei comitati degli operai, dei contadini e degli studenti. Quindicinale marxista leninista dei circoli Lenin dell'Emilia Romagna - n. 19/20"
AMI-0083,unità,italiano,"Lotta di Classe, no. 21",No,Circoli Lenin dell'Emilia Romagna,Circoli Lenin dell'Emilia Romagna,,1971-05-23 00:00:00,1971-05-23,Periodico,Bologna,Riviste marxiste-leniniste,,,"Archivio Storico della Nuova Sinistra ""Marco Pezzi""",https://archive.org/details/lotta-di-classe-1971-21/mode/2up,,,,,"Lotta di classe, giornale politico dei comitati degli operai, dei contadini e degli studenti. Quindicinale marxista leninista dei circoli Lenin dell'Emilia Romagna - n. 21"
AMI-0084,unità,italiano,"Lotta di Classe, no. 22",No,Circoli Lenin dell'Emilia Romagna,Circoli Lenin dell'Emilia Romagna,,1971-06-20 00:00:00,1971-06-20,Periodico,Bologna,Riviste marxiste-leniniste,,,"Archivio Storico della Nuova Sinistra ""Marco Pezzi""",https://archive.org/details/lotta-di-classe-1971-22/mode/2up,,,,,"Lotta di classe, giornale politico dei comitati degli operai, dei contadini e degli studenti. Quindicinale marxista leninista dei circoli Lenin dell'Emilia Romagna - n. 22"
AMI-0085,unità,italiano,"Lotta di Classe, no. 23",No,Circoli Lenin dell'Emilia Romagna,Circoli Lenin dell'Emilia Romagna,,1971-07-25 00:00:00,1971-07-25,Periodico,Bologna,Riviste marxiste-leniniste,,,"Archivio Storico della Nuova Sinistra ""Marco Pezzi""",https://archive.org/details/lotta-di-classe-1971-23/mode/2up,,,,,"Lotta di classe, giornale politico dei comitati degli operai, dei contadini e degli studenti. Quindicinale marxista leninista dei circoli Lenin dell'Emilia Romagna - n. 23"
AMI-0086,unità,italiano,"Lotta di Classe, no. 24/25",No,Circoli Lenin dell'Emilia Romagna,Circoli Lenin dell'Emilia Romagna,,1971-11-28 00:00:00,1971-11-28,Periodico,Bologna,Riviste marxiste-leniniste,,,"Archivio Storico della Nuova Sinistra ""Marco Pezzi""",https://archive.org/details/lotta-di-classe-1971-24-25/mode/2up,,,,,"Lotta di classe, giornale politico dei comitati degli operai, dei contadini e degli studenti. Quindicinale marxista leninista dei circoli Lenin dell'Emilia Romagna - n. 24/25"
AMI-0087,unità,italiano,"Lotta di Classe, anno III, no. 1",No,Circoli Lenin dell'Emilia Romagna,Circoli Lenin dell'Emilia Romagna,,1972-01-09 00:00:00,1972-01-09,Periodico,Bologna,Riviste marxiste-leniniste,,,"Archivio Storico della Nuova Sinistra ""Marco Pezzi""",https://archive.org/details/lotta-di-classe-1972-01/mode/2up,,,,,"Lotta di classe, giornale politico dei comitati degli operai, dei contadini e degli studenti. Quindicinale marxista leninista dei circoli Lenin dell'Emilia Romagna - n. 1/1972"
AMI-0088,unità,italiano,"Lotta di Classe, anno III, no. 2/3",No,Circoli Lenin dell'Emilia Romagna,Circoli Lenin dell'Emilia Romagna,,1972-03-12 00:00:00,1972-03-12,Periodico,Bologna,Riviste marxiste-leniniste,,,"Archivio Storico della Nuova Sinistra ""Marco Pezzi""",https://archive.org/details/lotta-di-classe-1972-02-03/mode/2up,,,,,"Lotta di classe, giornale politico dei comitati degli operai, dei contadini e degli studenti. Quindicinale marxista leninista dei circoli Lenin dell'Emilia Romagna - n. 2/3-1972"
AMI-0089,unità,italiano,"Lotta di Classe, anno III, no. 4/5",No,Circoli Lenin dell'Emilia Romagna,Circoli Lenin dell'Emilia Romagna,,1972-05-01 00:00:00,1972-05-01,Periodico,Bologna,Riviste marxiste-leniniste,,,"Archivio Storico della Nuova Sinistra ""Marco Pezzi""",https://archive.org/details/lotta-di-classe-1972-04-05/mode/2up,,,,,"Lotta di classe, giornale politico dei comitati degli operai, dei contadini e degli studenti. Quindicinale marxista leninista dei circoli Lenin dell'Emilia Romagna - n. 4/5-1972"
AMI-0090,unità,italiano,"Lotta di Classe, anno III, no. 6",No,Circoli Lenin dell'Emilia Romagna,Circoli Lenin dell'Emilia Romagna,,1972-11-05 00:00:00,1972-11-05,Periodico,Bologna,Riviste marxiste-leniniste,,,"Archivio Storico della Nuova Sinistra ""Marco Pezzi""",https://archive.org/details/lotta-di-classe-1972-06/mode/2up,,,,,"Lotta di classe, giornale politico dei comitati degli operai, dei contadini e degli studenti. Quindicinale marxista leninista dei circoli Lenin dell'Emilia Romagna - n. 6/1972"
AMI-0091,unità,italiano,"Lotta di Classe, anno IV, no. 1/2",No,Circoli Lenin dell'Emilia Romagna,Circoli Lenin dell'Emilia Romagna,,1973-05-01 00:00:00,1973-05-01,Periodico,Bologna,Riviste marxiste-leniniste,,,"Archivio Storico della Nuova Sinistra ""Marco Pezzi""",https://archive.org/details/lotta-di-classe-1973-01-02/mode/2up,,,,,"Lotta di classe, mensile marxista leninista del circolo Lenin-sedi di Budrio, Bologna, Castenaso - n. 2/3-1973"
AMI-0092,unità,italiano,Avanziamo lungo la via aperta dalla Rivoluzione socialista d'ottobre,No,Unione dei Comunisti Italiani (marxisti-leninisti),,Edizioni Servire il Popolo,1969,1969,Libro,Milano,Materiali cinesi,Lin Biao,Partito Comunista Cinese; Renmin Ribao; Hongqi; Jiefangjun Bao,Collezione personale,https://archive.org/details/avanziamo-lungo-la-via/mode/2up,,,,pp. 37,"Opuscolo compilato e pubblicato dall'Unione dei Comunisti Italiani (marxisti-leninisti), contenente:
• ""Discorso del Compagno Lin Piao""
• ""Avanziamo lungo la via aperta dalla Rivoluzione socialista d'ottobre"", editoriale a cura delle redazioni del Quotidiano del Popolo, Bandiera rossa e Quotidiano dell'Esercito popolare di Liberazione
Entrambi gli articoli commemorano il cinquantesimo anniversario della rivoluzione d'ottobre (1917).
Libro pubblicato da Edizioni Servire il Popolo, Milano, pp. 37, 1969."
AMI-0093,unità,italiano,Ai comunisti ai lavoratori,No,Centro Karl Marx,Centro Karl Marx,,06/1971,1971-06,Opuscolo,Firenze,Galassia marxista-leninista,,Il potere operaio pisano; Organizzazione dei lavoratori comunisti,Collezione personale,https://archive.org/details/ai-comunisti-ai-lavoratori/mode/2up,,,,pp. 8,"Documento, a cura del Centro Karl Marx Toscano, incentrato sull'analisi delle elezioni amministrative del 13-14 giugno 1971 e degli esiti del Sessantotto italiano.
Il CKM (prima pisano, poi toscano), nasce dalle ceneri de Il potere operaio pisano nel 1969. Nel 1972, dall'unione con i Circoli Lenin toscani, diventa l'Organizzazione dei lavoratori comunisti, per poi confluire nel PCI poco dopo. [1] (https://www.bfscollezionidigitali.org/entita/22-centro-karl-marx)
Ciclostilato in proprio, Firenze, 8 pp., giugno 1971."
AMI-0094,unità,italiano,Contro il liberalismo,No,Partito Comunista Cinese,Mao Zedong,Casa editrice in lingue estere,1968,1968,Opuscolo,Pechino,Materiali cinesi,,,Fondo Filippo Grossi,https://archive.org/details/1968-contro-il-liberalismo/mode/2up,,,,pp. 7,"Breve articolo scritto dal presidente cinese Mao Zedong il 7 settembre 1937, in cui vengono condannate tendenze interne al Partito Comunista Cinese, indicate come liberali, ovvero ""nocive in una collettività rivoluzionaria"".
Opuscolo pubblicato dalla Casa editrice in lingue estere di Pechino, Cina, pp. 7, II ed. 1968."
AMI-0095,unità,italiano,Presentazione della rivista Il Comunista,No,Partito Comunista Cinese,Mao Zedong,Casa editrice in lingue estere,1969,1969,Opuscolo,Pechino,Materiali cinesi,,Associazione Italia-Cina,Fondo Filippo Grossi,https://archive.org/details/1969-presentazione-il-comunista/mode/2up,,,,pp. 30,"Articolo scritto dal presidente cinese Mao Zedong, il 4 ottobre 1939, sul primo numero della rivista teorica del Partito Comunista Cinese, Il Comunista. L'editoriale spiega la decisione di avviare la nuova pubblicazione, inserisce tale decisione nel contesto della guerra all'invasione giapponese, delinea i compiti del PCC in tale conflitto.
Copia timbrata dall'Associazione italiana per i rapporti culturali e di amicizia con la Repubblica Popolare Cinese (conosciuta più semplicemente come Associazione Italia-Cina).
Opuscolo pubblicato dalla Casa editrice in lingue estere di Pechino, Cina, pp. 30, 1969."
AMI-0096,unità,italiano,"Pubblicità ""Amaro Ramazzotti"" raffigurante Mao Zedong",Sì,,,,1973,1973,Foto,,Varie,Mao Zedong,,Collezione personale,https://archive.org/details/ramazzotti-1973,1973-Ramazzotti.png,,,"1 annuncio pubblicitario, colore","Annuncio pubblicitario per l'Amaro Ramazzotti risalente al 1973, parte della campagna di marketing segnata dallo slogan «Non stupitevi… niente è impossibile per un grande amaro». Insieme a ""Mao"" fanno parte della campagna i sosia di Richard Nixon, Fidel Castro e del generale israeliano Moshe Dayan."
