ID_autorita,Tipo_entita,Norme,Lingua_record,Nome,Forme_varianti,Categoria,Fondazione,Scioglimento,Immagine,Storia,Luoghi,Wikidata,VIAF,Stato_record,Livello_dettaglio,Data_redazione,Note_redazionali
AMI-O-001,Ente,"ISAAR(CPF), 2a ed., 2004",ita,Associazione Italia-Cina,,Associazione di massa,1962,201?,,,,,,Bozza,Minimo,2026-10-02 00:00:00,Storia da redigere
AMI-O-002,Ente,"ISAAR(CPF), 2a ed., 2004",ita,Casa editrice in lingue estere,,Casa editrice,1952,,,,,Q1743971,152443072,Bozza,Minimo,2026-10-02 00:00:00,Storia da redigere
AMI-O-003,Ente,"ISAAR(CPF), 2a ed., 2004",ita,Edizioni Oriente,,Casa editrice,1963,1979,,,,,,Bozza,Minimo,2026-10-02 00:00:00,Storia da redigere
AMI-O-004,Ente,"ISAAR(CPF), 2a ed., 2004",ita,Renmin Ribao,Quotidiano del Popolo,Giornale,1948,,,,,Q54340,,Bozza,Minimo,2026-10-02 00:00:00,Storia da redigere
AMI-O-005,Ente,"ISAAR(CPF), 2a ed., 2004",ita,Hongqi,Bandiera Rossa,Rivista,1958,1988,,,,Q3431681,138944471,Bozza,Minimo,2026-10-02 00:00:00,Storia da redigere
AMI-O-006,Ente,"ISAAR(CPF), 2a ed., 2004",ita,Nuova Unità,,Giornale,1964,1991,,,,,,Bozza,Minimo,2026-10-02 00:00:00,Storia da redigere
AMI-O-007,Ente,"ISAAR(CPF), 2a ed., 2004",ita,Jiefangjun Bao,Quotidiano dell'EPL; Quotidiano dell'Esercito Popolare di Liberazione,Giornale,1956,,,,,Q987846,,Bozza,Minimo,2026-10-02 00:00:00,Storia da redigere
AMI-O-008,Ente,"ISAAR(CPF), 2a ed., 2004",ita,Centro di Informazione di Verona,,Gruppo,196?,197?,,,,,,Bozza,Minimo,2026-10-02 00:00:00,Storia da redigere
AMI-O-009,Ente,"ISAAR(CPF), 2a ed., 2004",ita,Ufficio Politico del PCd'I (m-l),,Organo di partito,1966,1991,,,,,,Bozza,Minimo,2026-10-02 00:00:00,Storia da redigere
AMI-O-010,Ente,"ISAAR(CPF), 2a ed., 2004",ita,Comitato di Partito di Catania (UCI m-l),,Organo di partito,1968,1972,,,,,,Bozza,Minimo,2026-10-02 00:00:00,Storia da redigere
AMI-O-011,Ente,"ISAAR(CPF), 2a ed., 2004",ita,Unione della gioventù comunista d’Italia (marxista-leninista),UGCd'I(m-l),Organizzazione giovanile,1966,1991,,,,,,Bozza,Minimo,2026-10-02 00:00:00,Storia da redigere
AMI-O-012,Ente,"ISAAR(CPF), 2a ed., 2004",ita,Comitato Centrale del PCC,,Organo di partito,1921,,,,,Q50963,130110579,Bozza,Minimo,2026-10-02 00:00:00,Storia da redigere
AMI-O-013,Ente,"ISAAR(CPF), 2a ed., 2004",ita,Partito Comunista d'Italia (marxista-leninista),PCd'I (m-l); PCd'I(m-l); PCd'I (ml),Partito,1966,1991,logo-pcdi.svg,,,Q3896697,308697440,Bozza,Minimo,2026-10-02 00:00:00,Storia da redigere
AMI-O-014,Ente,"ISAAR(CPF), 2a ed., 2004",ita,Unione dei Comunisti Italiani (marxisti-leninisti),UCI (m-l); UCI(m-l),Partito,1968,1972,logo-UCI.svg,,,Q4004869,1173147907501379210003,Bozza,Minimo,2026-10-02 00:00:00,Storia da redigere
AMI-O-015,Ente,"ISAAR(CPF), 2a ed., 2004",ita,Partito Comunista Cinese,PCC; P.C.C.,Partito,1921,,logo-pcc.svg,,,Q17427,132098431,Bozza,Minimo,2026-10-02 00:00:00,Storia da redigere
AMI-O-016,Ente,"ISAAR(CPF), 2a ed., 2004",ita,Partito Comunista d'Italia (marxista-leninista) - Linea rossa,PCd'I(m-l) - Linea rossa; Partito Comunista d'Italia (marxista-leninista) - Il Partito; PCd'I(m-l) - Il Partito,Partito,1968,1977,,,,,,Bozza,Minimo,2026-10-02 00:00:00,Storia da redigere
AMI-O-017,Ente,"ISAAR(CPF), 2a ed., 2004",ita,Stella Rossa - Fronte Rivoluzionario Marxista-Leninista,Stella Rossa,Partito,1969,1976,,,,,,Bozza,Minimo,2026-10-02 00:00:00,Storia da redigere
AMI-O-018,Ente,"ISAAR(CPF), 2a ed., 2004",ita,Avanguardia Proletaria Maoista,,Partito,1968,197?,,,,,,Bozza,Minimo,2026-10-02 00:00:00,Storia da redigere
AMI-O-019,Ente,"ISAAR(CPF), 2a ed., 2004",ita,Partito Comunista (marxista-leninista) Italiano,PC(m-l)I,Partito,1972,1978,,,,Q4004869,1173147907501379210003,Bozza,Minimo,2026-10-02 00:00:00,Storia da redigere
AMI-O-020,Ente,"ISAAR(CPF), 2a ed., 2004",ita,Lavoro Politico,,Rivista,1967,1969,,,,,,Bozza,Minimo,2026-10-02 00:00:00,Storia da redigere
AMI-O-021,Ente,"ISAAR(CPF), 2a ed., 2004",ita,Partito Comunista Unificato d'Italia,PCUd'I,Partito,1977,1984,,,,Q7884917,,Bozza,Minimo,2026-10-02 00:00:00,Storia da redigere
AMI-O-022,Ente,"ISAAR(CPF), 2a ed., 2004",ita,Circoli Lenin dell'Emilia Romagna,,Gruppo,1970,1973,,,,,,Bozza,Minimo,2026-10-02 00:00:00,Storia da redigere
AMI-O-023,Ente,"ISAAR(CPF), 2a ed., 2004",ita,Centro Karl Marx,,Gruppo,1969,1972,,,,,,Bozza,Minimo,2026-10-02 00:00:00,Storia da redigere
AMI-O-024,Ente,"ISAAR(CPF), 2a ed., 2004",ita,Organizzazione Comunista (marxista-leninista) Fronte Unito,Organizzazione Comunista (marxista-leninista); Organizzazione Comunista (marxista-leninista) - Fronte Unito; OC(m-l) - Fronte Unito,Partito,1973,1977,,,,,,Bozza,Minimo,2026-10-02 00:00:00,Storia da redigere
AMI-O-025,Ente,"ISAAR(CPF), 2a ed., 2004",ita,Movimento Studentesco,,Movimento,1968,1976,,,,Q3866611,166853013,Bozza,Minimo,2026-10-02 00:00:00,Storia da redigere
AMI-O-026,Ente,"ISAAR(CPF), 2a ed., 2004",ita,Organizzazione dei Comunisti (marxisti-leninisti) d'Italia,OC(m-l)d'I,Partito,1970,1977,,,,,,Bozza,Minimo,2026-10-02 00:00:00,Storia da redigere
AMI-O-027,Ente,"ISAAR(CPF), 2a ed., 2004",ita,Partito Comunista (marxista-leninista) d'Italia - Lotta di lunga durata,PC(m-l)d'I; PC(m-l)d'I - Lotta di lunga durata,Partito,1969,1977,,,,,,Bozza,Minimo,2026-10-02 00:00:00,Storia da redigere
AMI-O-028,Ente,"ISAAR(CPF), 2a ed., 2004",ita,Partito Comunista Marxista-Leninista-Maoista Italiano,PC(m-l-m)I,Partito,1969,1977,,,,,,Bozza,Minimo,2026-10-02 00:00:00,Storia da redigere
AMI-O-029,Ente,"ISAAR(CPF), 2a ed., 2004",ita,Comitato provinciale di Brindisi del PC(m-l)I,,Organo di partito,,,,,,,,Bozza,Minimo,2026-10-04 00:00:00,Storia da redigere
