Codice_ISAD,Elemento,Valore,Note
3.1.1,Segnatura,AMI,
3.1.2,Titolo,Archivio del Maoismo Italiano,
3.1.3,Date,,Calcolato automaticamente dal Catalogo (anno minimo-massimo)
3.1.4,Livello di descrizione,Raccolta,
3.1.5,Consistenza,,Calcolato automaticamente dal Catalogo (numero di unità)
3.2.1,Soggetto produttore,Ivan Masci (curatore della raccolta),
3.2.2,Storia istituzionale/biografica,,
3.2.3,Storia archivistica,,"Da redigere: formazione della raccolta, acquisizioni, digitalizzazione"
3.2.4,Modalità di acquisizione,,"Da redigere: es. acquisti, doni, riproduzioni da altri istituti"
3.3.1,Ambito e contenuto,,Da redigere (può riprendere il testo introduttivo della pagina Il progetto)
3.3.2,Selezione e scarto,,
3.3.3,Incrementi previsti,"Raccolta aperta, in costante accrescimento.",
3.3.4,Criteri di ordinamento,"Unità descritte singolarmente e identificate da una segnatura progressiva (AMI-0001…); accesso per percorsi tematici, tipologia, organizzazione, persona e anno.",
3.4.1,Condizioni di accesso,Libero.,
3.4.2,Condizioni di riproduzione,Libero.,
3.4.3,Lingua,,Calcolato automaticamente dal Catalogo
3.4.5,Strumenti di ricerca,Catalogo online del sito AMI.,
3.5.1,Esistenza e localizzazione degli originali,,"Da redigere: istituti che conservano gli originali (es. Archivio Storico della Nuova Sinistra ""Marco Pezzi"")"
3.5.2,Esistenza e localizzazione di copie,Riproduzioni digitali consultabili sul sito AMI e su Internet Archive.,
3.7.1,Nota dell'archivista,Descrizione redatta da Ivan Masci.,
3.7.2,Norme e convenzioni,"ISAD(G), 2a ed., 2000; ISAAR(CPF), 2a ed., 2004.",
3.7.3,Data della descrizione,2026-10-02,
